city,police,fire,ems
Alpine,San Diego County Sheriff's Department,,
Bonita,San Diego County Sheriff's Department,Bonita-Sunnyside Fire Protection District,
Brawley,Brawley Police Department,Brawley Fire Department,
Calexico,Calexico Police Department,Calexico Fire Department,
Calipatria,Calipatria Police Department,Calipatria Fire Department,
Campo,San Diego County Sheriff's Department,,
Carlsbad,Carlsbad Police Department,Carlsbad Fire Department,
Chula Vista,Chula Vista Police Department,Chula Vista Fire Department,
Coronado,Coronado Police Department,Coronado Fire Department,
Del Mar,San Diego County Sheriff's Department,Del Mar Fire Department,
El Cajon,El Cajon Police Department,Heartland Fire Communications (Central Zone),
El Centro,El Centro Police Department,El Centro Fire Department,
Encinitas,San Diego County Sheriff's Department,Encinitas Fire Department,
Escondido,Escondido Police Department,Escondido Fire Department,
Fallbrook,San Diego County Sheriff's Department,,
Holtville,Holtville Police Department,Holtville Fire Department,
Imperial,Imperial Police Department,Imperial Fire Department,
Imperial Beach,San Diego County Sheriff's Department,Imperial Beach Fire Department,
Jamul,San Diego County Sheriff's Department,CAL FIRE/San Diego County Fire Protection District,
La Mesa,La Mesa Police Department,Heartland Fire Communications (Central Zone),
Lake San Marcos,San Diego County Sheriff's Department,North County Dispatch JPA (North Comm),
Lakeside,San Diego County Sheriff's Department,,
Lemon Grove,San Diego County Sheriff's Department,Heartland Fire Communications (Central Zone),
National City,National City Police Department,National City Fire Department,
Niland,Imperial County Sheriff's Office,Niland Fire District,
Oceanside,Oceanside Police Department,Oceanside Fire Department,
Ocotillo,Imperial County Sheriff's Office,Imperial County Fire,
Poway,San Diego County Sheriff's Department,,
Ramona,San Diego County Sheriff's Department,,
Rancho San Diego,San Diego County Sheriff's Department,,
Salton City,Imperial County Sheriff's Office,Salton Community Services District,
San Marcos,San Diego County Sheriff's Department,San Marcos Fire Department,
Santee,San Diego County Sheriff's Department,Heartland Fire Communications (Central Zone),
Solana Beach,San Diego County Sheriff's Department,Solana Beach Fire Department,
Valley Center,San Diego County Sheriff's Department,,
Vista,San Diego County Sheriff's Department,North County Dispatch JPA (North Comm),
Westmorland,Westmorland Police Department,Westmorland Fire Department,
